URL,Keyword
https://sdg-trade.com/market/stati/forex-vs-nyse,☰ Преимущества и недостатки трейдинга на валютном и фондовом рынке. Особенности торговли валютными парами и американскими акциями. Какой рынок выбрать для торговли.
https://sdg-trade.com/market/stati/opasnosti-i-ulovki-fondovogo-rynka,фондовый рынок
https://sdg-trade.com/kak-stat-klientom/uroki-trejdinga-dlya-nachinayushchikh,"Фондовая торговля, обучение трейдингу, фондовый рынок обучение, торговля на бирже обучение, как начать обучатся трейдингу"
https://sdg-trade.com/market/stati/chemu-v-zhizni-uchit-nas-trejding,уроки трейдинга
https://sdg-trade.com/individualnyi-kouching/sergey-kolomiets,"трейдер Сергей Коломиец, Сергей Коломиец обучение"
https://sdg-trade.com/individualnyi-kouching/trejder-oles-sribnyj,"трейдер Олесь Срибный, обучение Олесь Срибный"
https://sdg-trade.com/market/stati/kto-takoj-trejder-i-mozhno-li-obuchitsya-dannoj-professii,"Трейдер, обучение трейдингу, обучение торговли на бирже, виды трейдеров, стратегии торговли на бирже, торговля на фондовом рынке"
https://sdg-trade.com/market/stati/podgotovka-plana-torgovli-analiz-svoix-osobennostej,торговый план
https://sdg-trade.com/market/stati/podgotovka-plana-torgovli-kombinacziya-metodov,торговый план
https://sdg-trade.com/market/stati/predubezhdeniya-v-prinyatii-reshenij,торговые решения
https://sdg-trade.com/market/stati/pravda-o-binarnyix-opczionax,торговля бинарными опционами
https://sdg-trade.com/market/stati/vliyanie-proshlyix-sdelok,торговая сделка
https://sdg-trade.com/o-kompanii/novosti-sdg-trade/novogodnij-rozygrysh-ot-sdg-trade,"Розыгрыш, призы, SDG Trade, новогодний розыгрыш"
https://sdg-trade.com/market/stati/refleksiya-analiz-ili-samokopanie,"рефлексия деятельности, личностная рефлексия, результат рефлексии"
https://sdg-trade.com/market/stati/chto-nuzhno-dlya-rabotyi-trejderom,работа трейдером
https://sdg-trade.com/market/stati/osnovnyie-plyusyi-professii-trejdera,работа трейдера
https://sdg-trade.com/lp/psihologiya/,психология трейдинга
https://sdg-trade.com/market/stati/ambitsii-chestolyubivaya-perspektiva,психология трейдинга
https://sdg-trade.com/market/stati/prozrachnoe-sostoyanie-uma,психология трейдинга
https://sdg-trade.com/market/stati/poisk-gordosti-i-boyazn-sozhaleniya,"психология торговли, торговля на бирже"
https://sdg-trade.com/o-kompanii/novosti-sdg-trade/uzhe-skoro-startuet-nabor-v-novuyu-gruppu-proekta-sdg-prop-2,"профессиональный трейдер, работа трейдера, проп-трейдинг"
https://sdg-trade.com/market/prazdniki-v-ssha,"праздники в США, выходные дни в США"
https://sdg-trade.com/market/stati/pravila-trejdinga-kakie-pravila,"правила торговли, торговый план, план торговли"
https://sdg-trade.com/market/stati/o-znachenii-praktiki,постигнуть мастерство
https://sdg-trade.com/market/stati/znachenie-ebitda-ev-ebitda,показателя EV/EBITDA.
https://sdg-trade.com/market/stati/tipichnyie-oshibki-trejderov-opros-professionalov,ошибки трейдеров
https://sdg-trade.com/market/stati/chastye-oshibki-trejdera,ошибки трейдера
https://sdg-trade.com/market/stati/osnovnyie-fondovyie-birzhi-i-torgovyie-platformyi-dlya-nix,"основные фондовые биржи, торговые платформы на бирже"
https://sdg-trade.com/market/stati/chto-nuzhno-znat-pro-obem-torgov,объем торгов
https://sdg-trade.com/market/stati/obuchenie-trejdingu-s-nulya-vazhnye-aspekty,"Обучение трейдингу, фондовый рынок обучение, биржа обучение, как торговать на бирже, уроки трейдинга, курсы трейдинга"
https://sdg-trade.com/kak-stat-klientom/kak-nachat-zarabatyvat-na-fondovom-rynke-ssha,"обучение трейдингу, как зарабатывать на фондовом рынке, как начать зарабатывать на бирже, как заработать в трейдинге, обучение заработку на фондовым рынке, как стать трейдером"
https://sdg-trade.com/market/stati/istoriya-uspexa-nemeczkoj-kompanii-boeing,"обучение трейдингу, биржа NYSE, компания Boeing"
https://sdg-trade.com/market/stati/uderzhanie-silnoj-pozitsii-v-usloviyakh-vysoko-volatilnogo-rynka,обучение трейдингу
https://sdg-trade.com/kak-stat-klientom/pochemu-stoit-nachat-obuchenie-trejdingu-imenno-s-nashego-besplatnogo-mini-kursa,"Обучение торговле на фондовом рынке, трейдинг обучение, биржа обучение, курсы по обучению торговли, бесплатные курсы по обучению торговли на фондовом рынке США"
https://sdg-trade.com/lp/crypto/,"обучение по криптовалюте, криптовалюта, sdg trading криптовалюта"
https://sdg-trade.com/kak-stat-klientom/besplatnoe-obuchenie-birzhevoj-torgovli,"Обучение биржевой торговле, бесплатное обучение торговле на бирже, обучение фондовый рынок, обучение финансовый рынок"
https://sdg-trade.com/kak-stat-klientom/nachalo-obucheniya-trejdingu,"обучение +трейдингу, обучение торговле на +фондовом рынке, торговля на +финансовом рынке, торговля на +бирже, обучение торговле на +американской +бирже, обучение NYSE NASDAQ"
https://sdg-trade.com/market/stati/aktualnye-novosti-pyatnitsy-v-mire-finansov-i-ekonomiki,новости для торговли акциями
https://sdg-trade.com/market/stati/minimizatsiya-riskov-v-trejdinge,минимизации рисков
https://sdg-trade.com/o-kompanii/novosti-sdg-trade/prazdnuj-den-trejdera-vmeste-s-sdg-trade,мастер-класс по трейдингу
https://sdg-trade.com/market/stati/obuchenie-kriptotrejdingu-s-chego-nachat,"криптовалюты, крипто валюты, крипто, обучение крипто, обучение трейдингу, как торговать криптовалютой, бесплатное обучение торговли на криптовалюте, крипторынок, криптотрейдинг, торговля криптовалютами"
https://sdg-trade.com/market/stati/korporativnyj-otchet-kompanii-klyuchevaya-informatsiya-dlya-trejderov,"корпоративный отчет компании, отчет о доходах, сезон отчетов, объем продаж, прибыль, прибыль на акцию, прогнозы аналитиков, обучение трейдингу"
https://sdg-trade.com/market/stati/podstrojte-lichnyie-kachestva-pod-svoj-stil-torgovli,качества трейдера
https://sdg-trade.com/market/stati/kak-zarabotat-1-000-000-dollarov-za-den,заработать миллион
https://sdg-trade.com/market/stati/dnevnik-trejdera,дневник трейдера
https://sdg-trade.com/market/stati/shortovaya-pozitsiya-i-pozitsiya-long-v-birzhevoj-torgovle,"длинная позиция, короткая позиция"
https://sdg-trade.com/market/stati/put-k-masterstvu-cherez-lichnuyu-discziplinu,дисциплина трейдинга
https://sdg-trade.com/market/stati/dzhessi-lauriston-livermor-istoriya-uspekha,Джесси Ливермор
https://sdg-trade.com/market/stati/krajnosti-lovushki-ekstremalnyix-czen,движение цены
https://sdg-trade.com/market/stati/osnovnyie-vidyi-graficheskix-modelej-i-ix-analiz,"графические модели, анализ графических моделей"
https://sdg-trade.com/market/stati/vizualizacziya-psixologicheskaya-podgotovka-k-torgovle,"визуализация, метод визуализации"
https://sdg-trade.com/market/stati/trejding-na-nyse,"биржевая торговля на NYSE, трейдинг на NYSE"
https://sdg-trade.com/market/stati/chto-daet-obychnomu-cheloveku-birzhevaya-torgovlya,"биржевая торговля, фондовый рынок"
https://sdg-trade.com/market/stati/nyu-jorkskaya-fondovaya-birzha,"биржа NYSE, нью-йоркская фондовая биржа"
https://sdg-trade.com/o-kompanii/novosti-sdg-trade/teper-sdg-trade-v-telegram-vmeste-s-vami,SDG-Trade telegram
https://sdg-trade.com/market/stati/uspekh-nvidia-sekrety-vzleta-kompanii-v-2017-godu,"nvidia, +nvidia видеокарты, секрет роста кампании +nvidia, +nvidia акции, nvidia биржа, nvidia фондовый рынок"
https://sdg-trade.com/market/terminologiya/term-commission,Commission
https://sdg-trade.com/market/terminologiya/term-chartist,Chartist
https://sdg-trade.com/market/terminologiya/term-capitalization,Capitalization
https://sdg-trade.com/market/terminologiya/bull-market,Bull Market
https://sdg-trade.com/market/terminologiya/term-broker,Broker
https://sdg-trade.com/market/terminologiya/breakout,Breakout
https://sdg-trade.com/market/terminologiya/term-bonds,Bonds
https://sdg-trade.com/market/terminologiya/bid-price,Bid price
https://sdg-trade.com/market/terminologiya/bear-market,Bear Market
https://sdg-trade.com/market/terminologiya/average-price,Average price
https://sdg-trade.com/market/terminologiya/average-down,Average Down
https://sdg-trade.com/market/terminologiya/term-ask,Ask price
https://sdg-trade.com/market/terminologiya/term-aon,AON (all or none)
https://sdg-trade.com/market/terminologiya/term-analyst,Analyst
https://sdg-trade.com/market/terminologiya/52-week-high-low,52-Week High